,rc_th,rc_r ,rc_p ,rc_y ,sen_r,sen_p,sen_y,cam_x,cam_y,cam_z
0,1875,1514,1551,1250,0.0,0.0,185.0,-0.2570697822262183,-0.07428450291276652,1.3775208117998672
